{"cameraMode":{"drawMode":0,"name":"Shaded","section":"Shading Mode"},"sceneLighting":false,"audioPlay":false,"sceneViewState":{"m_AlwaysRefresh":true,"showFog":true,"showSkybox":false,"showFlares":true,"showImageEffects":true,"showParticleSystems":true,"showVisualEffectGraphs":true,"m_FxEnabled":false},"in2DMode":false,"pivot":{"x":-6.6439995765686039,"y":0.8363347053527832,"z":10.399999618530274},"rotation":{"x":0.11274296790361405,"y":0.3273932635784149,"z":-0.039391737431287768,"w":0.9373199343681336},"size":1.4600300788879395,"orthographic":false}